<PAMDataset>
  <Metadata>
    <MDI key="Creator">USGS EROS Landfire Product Service</MDI>
    <MDI key="DataType">Thematic</MDI>
  </Metadata>
  <PAMRasterBand band="1">
    <Description>US_240EVC</Description>
    <UnitOfMeasure>Class</UnitOfMeasure>
    <Metadata>
      <MDI key="BandName">US_240EVC</MDI>
      <MDI key="RepresentationType">THEMATIC</MDI>
      <MDI key="STATISTICS_MAXIMUM">382</MDI>
      <MDI key="STATISTICS_MEAN">210.54078358837</MDI>
      <MDI key="STATISTICS_MEDIAN">nan</MDI>
      <MDI key="STATISTICS_MINIMUM">11</MDI>
      <MDI key="STATISTICS_SKIPFACTORX">1</MDI>
      <MDI key="STATISTICS_SKIPFACTORY">1</MDI>
      <MDI key="STATISTICS_STDDEV">92.697809085572</MDI>
    </Metadata>
  </PAMRasterBand>
</PAMDataset>
