<?xml version="1.0" encoding="UTF-8"?>
<metadata xml:lang="en"><Esri><CreaDate>20250123</CreaDate><CreaTime>10101800</CreaTime><ArcGISFormat>1.0</ArcGISFormat><SyncOnce>TRUE</SyncOnce><DataProperties><lineage><Process ToolSource="c:\program files\arcgis\server\framework\runtime\arcgis\Resources\ArcToolbox\toolboxes\Data Management Tools.tbx\SetRasterProperties" Date="20250123" Time="101018">SetRasterProperties C:\Users\igskmncn-swscArc\AppData\Local\Temp\landfireproductservice_gpserver\j04afbe85638f4c07b3083539752c0b00\scratch\j04afbe85638f4c07b3083539752c0b00.tif Thematic # # # "Creator 'USGS EROS Landfire Product Service'" #</Process></lineage></DataProperties></Esri></metadata>
